user_id,first_name,last_name,email,join_date,street_address,city,state
1,Aluino,Pike,apike0@phpbb.com,3/6/2023,2373 Fallview Pass,Anaheim,California
2,Jenilee,Spritt,jspritt1@boston.com,3/22/2023,206 Stephen Terrace,Rochester,New York
3,Northrup,Haliburn,nhaliburn2@si.edu,11/10/2022,593 Monument Way,Huntsville,Alabama
4,Clare,Bradlaugh,cbradlaugh3@bravesites.com,5/20/2024,70 Hanson Park,New Haven,Connecticut
5,Judon,Chatters,jchatters4@newyorker.com,12/15/2022,827 Crownhardt Center,San Francisco,California
6,Wendye,Bool,wbool5@quantcast.com,3/21/2024,3102 Browning Terrace,Honolulu,Hawaii
7,Nealson,Kleinhaut,nkleinhaut6@sina.com.cn,1/7/2024,4709 Twin Pines Street,Zephyrhills,Florida
8,Kaitlin,Corradengo,kcorradengo7@topsy.com,5/27/2024,97831 Sycamore Plaza,Hartford,Connecticut
9,Kalindi,Mayers,kmayers8@samsung.com,1/15/2024,6 Helena Lane,Fresno,California
10,Vale,Philippeaux,vphilippeaux9@seesaa.net,9/13/2023,2 Pankratz Alley,New Orleans,Louisiana
11,Way,Vecard,wvecarda@mtv.com,11/26/2023,00 Lien Circle,Bozeman,Montana
12,Kerk,Krzyzanowski,kkrzyzanowskib@mozilla.com,10/14/2023,532 Memorial Parkway,Fort Lauderdale,Florida
13,Tobye,Kippen,tkippenc@ustream.tv,10/27/2022,992 Dapin Crossing,Terre Haute,Indiana
14,Jamie,Innis,jinnisd@1und1.de,12/5/2023,941 Mockingbird Point,Long Beach,California
15,Evie,Voce,evocee@moonfruit.com,2/25/2024,77 Westerfield Parkway,Honolulu,Hawaii
16,Orella,Cockarill,ocockarillf@ehow.com,10/4/2022,09996 Birchwood Pass,Arlington,Texas
17,Meara,Ismead,mismeadg@google.it,11/1/2023,0 Brown Junction,Ashburn,Virginia
18,Wallie,Heald,whealdh@istockphoto.com,7/9/2023,67 Grayhawk Place,Erie,Pennsylvania
19,Garner,Rigg,griggi@tmall.com,8/16/2023,8 Scott Plaza,Boca Raton,Florida
20,Miller,Onion,monionj@devhub.com,2/12/2023,1 Erie Terrace,Wilmington,Delaware
21,Melantha,Raitt,,3/16/2023,45252 Novick Alley,Valdosta,Georgia
22,Elianore,Whittet,,3/27/2023,0884 Caliangt Center,Nashville,Tennessee
23,Bambie,Filipyev,bfilipyevm@miitbeian.gov.cn,11/21/2022,152 Forster Alley,Modesto,California
24,Peg,Yesenin,pyeseninn@posterous.com,1/7/2023,283 Moland Way,Philadelphia,Pennsylvania
25,Rasla,McGiffin,rmcgiffino@businessinsider.com,11/18/2023,5621 Farragut Lane,Houston,Texas
26,Philis,Dowling,pdowlingp@twitter.com,9/3/2023,03560 Lighthouse Bay Drive,Lexington,Kentucky
27,Vanya,Domelaw,vdomelawq@nasa.gov,3/25/2023,205 New Castle Crossing,Colorado Springs,Colorado
28,Edlin,De Zamudio,edezamudior@dion.ne.jp,12/16/2022,12 Myrtle Plaza,San Diego,California
29,Earlie,Aleevy,ealeevys@ca.gov,8/6/2023,0642 Sauthoff Avenue,San Diego,California
30,Elias,Rampley,erampleyt@mail.ru,8/4/2023,744 Everett Court,Norwalk,Connecticut
31,Hadria,Gwalter,hgwalteru@cam.ac.uk,3/20/2023,25 Heath Hill,Lafayette,Indiana
32,Cecilla,Foskett,cfoskettv@webmd.com,9/2/2023,8 Crest Line Place,Fort Wayne,Indiana
33,Faber,South,fsouthw@nih.gov,5/26/2023,6043 Erie Alley,El Paso,Texas
34,Ring,Sorrell,rsorrellx@lycos.com,4/2/2024,1 Linden Plaza,Oklahoma City,Oklahoma
35,Zora,Jagels,zjagelsy@who.int,2/12/2023,37020 Homewood Place,San Diego,California
36,Shermie,Adnam,sadnamz@upenn.edu,5/6/2024,83 Schlimgen Trail,Charleston,West Virginia
37,Tani,Seathwright,tseathwright10@netvibes.com,9/16/2023,9349 Blackbird Street,Winter Haven,Florida
38,Aubert,Weekes,aweekes11@house.gov,7/26/2023,4 Fieldstone Parkway,Washington,District of Columbia
39,Doloritas,Barwick,dbarwick12@simplemachines.org,4/24/2024,6872 Alpine Junction,Pittsburgh,Pennsylvania
40,Wilona,Smiths,wsmiths13@wp.com,11/24/2022,81833 Upham Place,North Hollywood,California
41,Imojean,Kienlein,ikienlein14@google.co.uk,5/5/2024,113 Arapahoe Place,Akron,Ohio
42,Sianna,Connal,sconnal15@reuters.com,10/9/2023,57 Westport Parkway,El Paso,Texas
43,Blythe,Clyde,bclyde16@who.int,1/25/2024,133 Raven Circle,Topeka,Kansas
44,Dorine,Reaney,dreaney17@nsw.gov.au,12/19/2022,89395 Fisk Point,Saint Paul,Minnesota
45,Ariella,Lemonnier,alemonnier18@redcross.org,4/18/2023,0 Mesta Center,Annapolis,Maryland
46,Hermie,Gallety,hgallety19@clickbank.net,6/23/2023,0329 Schurz Junction,Houston,Texas
47,Nicolle,MacKerley,nmackerley1a@constantcontact.com,6/20/2023,45 North Alley,Jackson,Tennessee
48,Truda,Malpas,tmalpas1b@parallels.com,1/13/2024,374 Meadow Ridge Park,Rochester,New York
49,Jewell,Bethell,jbethell1c@cafepress.com,11/14/2023,8 Nobel Pass,Ogden,Utah
50,Callida,Saltsberger,csaltsberger1d@google.com,4/26/2024,38254 Saint Paul Hill,New Brunswick,New Jersey
51,Feliza,Jocic,fjocic1e@google.it,5/22/2024,9 Mallory Drive,Pueblo,Colorado
52,Cordelie,Raylton,craylton1f@youtu.be,9/28/2023,8235 Duke Circle,El Paso,Texas
53,Heidi,Rontsch,hrontsch1g@smugmug.com,1/23/2023,8 Caliangt Pass,Schaumburg,Illinois
54,Huntlee,Challenor,hchallenor1h@networksolutions.com,7/26/2023,970 6th Place,Los Angeles,California
55,Marchelle,Kitcat,mkitcat1i@rambler.ru,1/11/2023,6 Melody Place,Fresno,California
56,Angela,Healing,ahealing1j@harvard.edu,11/8/2023,687 Westridge Point,Huntington,West Virginia
57,Clim,Suttie,csuttie1k@nps.gov,bad,679 Cardinal Court,Jacksonville,Florida
58,Markus,McCrie,mmccrie1l@time.com,4/1/2024,66 Bluestem Junction,Bryan,Texas
59,Antonetta,Dafforne,adafforne1m@istockphoto.com,8/12/2023,99074 Mesta Lane,Stamford,Connecticut
60,Agnella,Pattisson,apattisson1n@dailymail.co.uk,5/24/2024,467 Gale Place,Charlotte,North Carolina
61,Katlin,Kemmish,kkemmish1o@squidoo.com,5/14/2024,7067 Nevada Circle,Washington,District of Columbia
62,Cosetta,Brydon,cbrydon1p@engadget.com,12/1/2022,75 Merry Lane,North Hollywood,California
63,Tarah,Dowdell,tdowdell1q@imageshack.us,9/14/2023,2810 Walton Pass,Louisville,Kentucky
64,Emmi,Cowely,ecowely1r@istockphoto.com,1/16/2023,3 Eagle Crest Trail,Birmingham,Alabama
65,Jaclin,Suthworth,jsuthworth1s@cam.ac.uk,11/13/2023,4516 Judy Junction,Phoenix,Arizona
66,Ursulina,Warlock,uwarlock1t@purevolume.com,11/5/2023,364 7th Street,Vancouver,Washington
67,Ivie,Kohen,ikohen1u@xing.com,7/6/2023,3829 Vera Terrace,College Station,Texas
68,Claiborn,Joanic,cjoanic1v@psu.edu,12/18/2023,9538 Forest Dale Court,Moreno Valley,California
69,Arney,Limpertz,alimpertz1w@oaic.gov.au,7/28/2023,7 Express Crossing,San Diego,California
70,Tootsie,Rawlings,trawlings1x@youku.com,10/15/2022,49961 Hanover Street,Mobile,Alabama
71,Pebrook,Shyre,pshyre1y@paginegialle.it,3/13/2024,10 Roth Pass,Hartford,Connecticut
72,Aili,Golley,agolley1z@eepurl.com,7/3/2023,413 Merry Parkway,Phoenix,Arizona
73,Roy,Blazi,,1/10/2023,31 Westport Center,Pensacola,Florida
74,Oralie,Collinwood,ocollinwood21@springer.com,1/3/2023,0 Esker Road,Hartford,Connecticut
75,Grove,Ballston,gballston22@digg.com,8/13/2023,822 Farmco Lane,Austin,Texas
76,Allistir,Eakle,aeakle23@wiley.com,12/24/2023,26 Susan Lane,Little Rock,Arkansas
77,Derk,Gasquoine,dgasquoine24@yelp.com,2/20/2024,41 Cordelia Lane,Augusta,Georgia
78,Sidonnie,Bazylets,sbazylets25@nytimes.com,7/24/2023,47 Debs Alley,Lubbock,Texas
79,Gabriel,Bains,gbains26@squarespace.com,3/4/2024,7 Hazelcrest Lane,Honolulu,Hawaii
80,Doralin,Cust,dcust27@google.com.hk,4/19/2023,4844 Schmedeman Center,Philadelphia,Pennsylvania
81,Anatola,Juan,ajuan28@freewebs.com,5/23/2024,355 Gerald Park,Wilmington,Delaware
82,Elfreda,Shurrocks,eshurrocks29@columbia.edu,6/27/2023,301 Bunker Hill Parkway,Delray Beach,Florida
83,Libbey,Collick,lcollick2a@google.com.hk,4/19/2023,04747 Barnett Hill,San Jose,California
84,Natividad,Beevis,nbeevis2b@toplist.cz,1/3/2023,58 Merrick Center,Newark,New Jersey
85,Abigail,Le land,aleland2c@amazonaws.com,8/29/2023,7 Prairie Rose Drive,Saint Louis,Missouri
86,Trudy,Ordidge,tordidge2d@privacy.gov.au,4/3/2024,883 Myrtle Road,Evansville,Indiana
87,Frederick,Pizey,fpizey2e@friendfeed.com,5/12/2024,61615 Shelley Parkway,Tallahassee,Florida
88,Edee,O'Lunney,eolunney2f@state.tx.us,11/14/2023,71794 Red Cloud Court,Abilene,Texas
89,Alanah,Denisyuk,adenisyuk2g@google.es,11/4/2023,6 Bultman Drive,Pensacola,Florida
90,Brucie,Valentetti,bvalentetti2h@weather.com,1/29/2024,51 Loomis Street,Colorado Springs,Colorado
83,Libbey,Collick,lcollick2a@google.com.hk,4/19/2023,04747 Barnett Hill,San Jose,California
91,Viviyan,Wiltshire,vwiltshire2i@blogtalkradio.com,1/18/2024,7459 Autumn Leaf Pass,Mc Keesport,Pennsylvania
92,Meggy,Klimes,mklimes2j@privacy.gov.au,12/8/2022,10670 Eastwood Terrace,Birmingham,Alabama
93,Brook,Asquez,basquez2k@fda.gov,7/31/2023,041 Springs Center,Aurora,Colorado
94,Dion,Moth,dmoth2l@apple.com,8/24/2023,6 Nevada Pass,Albany,New York
95,Hodge,Swadling,hswadling2m@tmall.com,1/5/2023,48 Sherman Street,Washington,District of Columbia
96,Ernestine,Iseton,eiseton2n@sina.com.cn,11/26/2022,3078 Moulton Alley,Littleton,Colorado
97,Pamela,Liddy,pliddy2o@ifeng.com,3/18/2024,5 Killdeer Road,Albuquerque,New Mexico
98,Rosalyn,Crosi,rcrosi2p@google.ca,8/18/2023,8 Lunder Point,Wilmington,Delaware
99,Tibold,Wretham,twretham2q@bandcamp.com,12/25/2022,4444 Luster Terrace,San Bernardino,California
100,Mariann,Dalyiel,mdalyiel2r@mail.ru,5/18/2024,2391 Nancy Junction,West Palm Beach,Florida
